1.21,1,42,50,0
2.21,0,53,50,0
3.21,0,68,50,0
4.22,1,4,50,0
5.22,1,28,50,0
6.22,1,6,50,0
7.22,0,74,50,0
8.22,1,22,50,0
9.22,0,64,50,0
10.22,0,92,50,0
11.22,0,53,50,0
12.22,0,61,50,0
13.22,0,51,50,0
14.23,0,72,50,0
15.23,1,43,50,0
16.23,0,98,50,0
17.23,0,67,50,0
18.23,1,7,50,0
19.23,1,42,50,0
20.23,1,49,50,0
21.23,1,21,50,1
22.24,0,99,50,1
23.24,1,19,50,1
24.24,0,66,50,1
25.24,0,68,50,1
26.24,1,42,50,1
27.24,0,56,50,1
28.24,0,84,50,1
29.24,0,99,50,1
30.25,0,52,50,1
31.25,0,77,50,1
32.25,0,76,50,1
33.25,0,89,50,1
34.25,0,62,50,1
35.25,0,68,50,1
36.25,1,46,50,1
37.26,1,33,50,1
38.26,1,48,50,1
39.26,0,96,50,1
40.26,1,42,50,1
41.26,1,1,55,2
42.26,0,86,55,2
43.26,1,33,55,2
44.26,0,56,55,2
45.26,0,94,55,2
46.27,0,77,55,2
47.27,1,7,55,2
48.27,1,41,55,2
49.27,0,82,55,2
50.27,1,39,55,2
51.27,1,21,55,2
52.27,0,100,55,2
53.27,1,51,55,2
54.28,0,74,55,2
55.28,1,23,55,2
56.28,0,62,55,2
57.28,1,29,55,2
58.28,0,75,55,2
59.28,1,48,55,2
60.28,1,22,55,2
61.28,1,19,55,2
62.29,0,79,55,2
63.29,1,26,60,3
64.29,1,30,65,4
65.29,1,54,65,4
66.29,0,91,65,4
67.29,1,48,70,5
68.29,1,54,70,5
69.29,1,0,70,5
70.29,0,99,70,5
71.3,0,84,70,5
72.3,1,18,70,5
73.3,1,6,70,5
74.3,1,50,70,5
75.3,0,95,70,5
76.3,1,10,70,5
77.3,0,81,70,5
78.31,1,6,70,5
79.31,1,38,70,5
80.31,1,64,70,5
81.31,1,62,70,5
82.31,1,65,70,5
83.31,0,96,70,5
84.31,0,96,70,5
85.31,1,49,70,5
86.31,0,90,70,5
87.32,1,45,70,5
88.32,1,53,70,5
89.32,1,49,70,5
90.32,0,80,70,5
91.32,1,9,70,5
92.32,1,2,70,5
93.32,0,85,70,5
94.32,1,53,70,5
95.33,1,63,70,5
96.33,1,8,70,5
97.33,0,83,70,5
98.33,1,48,70,5
99.33,0,73,70,5
100.33,0,88,70,5
101.33,1,44,70,5
102.34,1,10,70,5
103.34,0,92,70,5
104.34,0,78,70,5
105.34,1,30,70,5
106.34,1,66,70,5
107.34,1,39,70,5
108.34,0,88,70,5
109.34,0,94,70,5
110.35,0,100,70,5
111.35,1,57,70,5
112.35,1,47,70,5
113.35,1,21,70,5
114.35,1,20,70,5
115.35,1,6,70,5
116.35,0,92,70,5
117.35,0,78,70,5
118.35,1,33,70,5
119.36,0,73,70,5
120.36,1,47,70,5
121.36,1,47,70,5
122.36,1,13,70,5
123.36,1,50,70,5
124.36,1,29,70,5
125.36,0,80,70,5
126.37,0,73,70,5
127.37,1,63,70,5
128.37,1,60,70,5
129.37,0,90,70,5
130.37,0,79,70,5
131.37,1,0,70,5
132.37,1,23,70,5
133.38,1,30,70,5
134.38,1,39,70,5
135.38,1,56,70,5
136.38,1,53,70,5
137.38,0,100,70,5
138.38,1,35,70,5
139.38,0,78,70,5
140.39,1,46,70,5
141.39,1,8,70,5
142.39,1,36,70,5
143.39,1,46,70,5
144.39,1,8,70,5
145.39,0,98,70,5
146.39,1,15,70,5
147.39,1,68,70,5
148.4,0,80,70,5
149.4,0,98,70,5
150.4,1,69,70,5
151.4,1,49,70,5
152.4,1,69,70,5
153.4,0,77,70,5
154.41,0,71,70,5
155.41,0,86,70,5
156.41,1,54,70,5
157.41,1,35,70,5
158.41,1,58,70,5
159.41,1,2,70,5
160.41,0,90,70,5
161.41,1,19,70,5
162.42,1,28,70,5
163.42,0,90,70,5
164.42,1,35,70,5
165.42,1,33,70,5
166.42,1,62,70,5
167.42,0,98,70,5
168.42,1,38,70,5
169.43,1,9,70,5
170.43,0,76,70,5
171.43,1,40,70,5
172.43,1,46,70,5
173.43,1,52,70,5
174.43,1,41,70,5
175.43,1,42,70,5
176.44,0,86,70,5
177.44,0,81,70,5
178.44,1,34,70,5
179.44,0,87,70,5
180.44,1,55,70,5
181.44,1,0,70,5
182.44,0,95,70,5
183.45,1,26,70,5
184.45,1,30,70,5
185.45,0,95,70,5
186.45,0,79,70,5
187.45,1,21,70,5
188.45,0,99,70,5
189.45,0,82,70,5
190.46,0,97,70,5
191.46,1,25,70,5
192.46,0,92,70,5
193.46,1,2,70,5
194.46,1,2,70,5
195.46,1,1,70,5
196.46,0,84,70,5
197.46,1,56,70,5
198.47,0,86,70,5
199.47,0,84,70,5
200.47,1,0,70,5
201.47,1,21,70,5
202.47,0,90,70,5
203.47,0,97,70,5
204.47,0,94,70,5
205.47,0,86,70,5
206.48,1,21,70,5
207.48,1,1,70,5
208.48,1,31,70,5
209.48,1,36,70,5
210.48,0,95,70,5
211.48,1,16,70,5
212.48,0,84,70,5
213.48,1,48,70,5
214.49,1,58,70,5
215.49,1,54,70,5
216.49,0,92,70,5
217.49,0,90,70,5
218.49,1,37,70,5
219.49,1,51,70,5
220.49,1,33,70,5
221.49,0,98,70,5
222.5,1,12,70,5
223.5,1,41,70,5
224.5,1,50,70,5
225.5,1,56,70,5
226.5,1,41,70,5
227.5,1,13,70,5
228.5,0,88,70,5
229.5,0,88,70,5
230.51,1,36,70,5
231.51,0,95,70,5
232.51,0,97,70,5
233.51,0,82,70,5
234.51,0,94,70,5
235.51,0,97,70,5
236.51,1,16,70,5
237.52,1,68,70,5
238.52,1,32,70,5
239.52,1,52,70,5
240.52,0,84,70,5
241.52,0,93,70,5
242.52,0,72,70,5
243.52,0,98,70,5
244.52,1,66,70,5
245.52,1,35,70,5
246.53,1,42,70,5
247.53,1,30,70,5
248.53,1,27,70,5
249.53,1,51,70,5
250.53,0,72,70,5
251.53,1,50,70,5
252.53,0,79,70,5
253.53,0,76,70,5
254.54,1,11,70,5
255.54,1,21,70,5
256.54,1,59,70,5
257.54,1,28,70,5
258.54,0,95,70,5
259.54,1,13,70,5
260.54,0,85,70,5
261.54,1,38,70,5
262.55,1,26,70,5
263.55,1,31,70,5
264.55,1,2,70,5
265.55,1,2,70,5
266.55,0,67,65,5
267.55,1,23,65,5
268.55,1,38,65,5
269.55,0,71,65,5
270.56,1,26,65,5
271.56,1,65,65,5
272.56,1,46,65,5
273.56,1,9,65,5
274.56,1,7,65,5
275.56,1,44,65,5
276.56,0,81,65,5
277.56,1,44,65,5
278.57,0,93,65,5
279.57,1,57,65,5
280.57,1,4,65,5
281.57,0,76,65,5
282.57,1,37,65,5
283.57,1,44,65,5
284.57,1,0,65,5
285.57,1,57,65,5
286.58,1,11,65,5
287.58,0,96,65,5
288.58,1,8,65,5
289.58,0,91,65,5
290.58,1,42,65,5
291.58,0,66,65,5
292.59,0,70,65,5
293.59,1,0,65,5
294.59,1,19,65,5
295.59,1,39,65,5
296.59,1,38,65,5
297.59,1,6,65,5
298.59,1,21,65,5
299.6,1,46,65,5
300.6,1,16,65,5
301.6,0,95,65,5
302.6,0,76,65,5
303.6,0,73,65,5
304.6,0,98,65,5
305.6,0,93,65,5
306.6,0,83,65,5
307.6,1,64,65,5
308.61,0,88,65,5
309.61,1,58,65,5
310.61,1,1,65,5
311.61,1,52,65,5
312.61,0,81,65,5
313.61,0,70,65,5
314.61,1,6,65,5
315.61,0,100,65,5
316.61,0,79,65,5
317.62,1,1,65,5
318.62,1,23,65,5
319.62,1,57,65,5
320.62,0,71,65,5
321.62,1,54,65,5
322.62,1,21,65,5
323.62,1,14,65,5
324.62,1,4,65,5
325.63,0,78,65,5
326.63,1,39,65,5
327.63,1,56,65,5
328.63,1,8,65,5
329.63,1,33,65,5
330.63,1,39,65,5
331.63,0,76,65,5
332.64,1,56,65,5
333.64,0,90,65,5
334.64,1,32,65,5
335.64,1,47,65,5
336.64,1,1,65,5
337.64,1,23,65,5
338.64,0,69,65,5
339.64,1,1,65,5
340.65,1,2,65,5
341.65,1,10,65,5
342.65,0,86,65,5
343.65,1,16,65,5
344.65,1,0,65,5
345.65,0,68,65,5
346.65,1,57,65,5
347.65,1,49,65,5
348.66,0,80,65,5
349.66,0,96,65,5
350.66,1,41,65,5
351.66,1,46,65,5
352.66,0,97,65,5
353.66,1,44,65,5
354.66,1,21,65,5
355.67,0,92,65,5
356.67,0,70,65,5
357.67,0,71,65,5
358.67,1,25,65,5
359.67,1,55,65,5
360.67,1,16,65,5
361.67,1,23,65,5
362.68,0,95,65,5
363.68,1,2,65,5
364.68,1,9,65,5
365.68,1,48,65,5
366.68,0,99,65,5
367.68,0,82,65,5
368.68,0,68,65,5
369.69,0,77,65,5
370.69,0,71,65,5
371.69,0,97,65,5
372.69,1,7,65,5
373.69,0,66,65,5
374.69,1,58,65,5
375.69,1,24,65,5
376.69,0,92,65,5
377.7,1,65,65,5
378.7,0,87,65,5
379.7,1,60,65,5
380.7,1,15,65,5
381.7,1,14,65,5
382.7,1,0,65,5
383.7,0,79,65,5
384.7,1,20,65,5
385.71,1,5,65,5
386.71,0,73,65,5
387.71,1,52,65,5
388.71,1,64,65,5
389.71,0,89,65,5
390.71,1,54,65,5
391.71,1,65,65,5
392.72,0,90,65,5
393.72,0,74,65,5
394.72,0,84,65,5
395.72,1,42,65,5
396.72,1,10,65,5
397.72,1,42,65,5
398.73,0,87,65,5
399.73,1,22,65,5
400.73,1,28,65,5
401.73,1,8,65,5
402.73,1,41,65,5
403.73,1,55,65,5
404.73,1,19,65,5
405.73,0,76,65,5
406.74,1,35,65,5
407.74,0,73,65,5
408.74,1,10,65,5
409.74,1,23,65,5
410.74,0,80,65,5
411.74,0,84,65,5
412.74,1,56,65,5
413.74,1,50,65,5
414.74,0,93,65,5
415.75,1,48,65,5
416.75,0,78,65,5
417.75,0,86,65,5
418.75,1,2,65,5
419.75,1,57,65,5
420.75,1,17,65,5
421.75,1,25,65,5
422.75,1,64,65,5
423.76,0,85,65,5
424.76,1,18,65,5
425.76,1,34,65,5
426.76,1,57,65,5
427.76,1,33,65,5
428.76,0,88,65,5
429.77,0,94,65,5
430.77,1,64,65,5
431.77,1,15,65,5
432.77,1,6,65,5
433.77,1,33,65,5
434.77,1,43,65,5
435.77,0,72,65,5
436.78,0,83,65,5
437.78,0,86,65,5
438.78,0,84,65,5
439.78,1,23,65,5
440.78,0,78,65,5
441.78,1,41,65,5
442.78,1,50,65,5
443.79,0,72,65,5
444.79,1,33,65,5
445.79,1,34,65,5
446.79,0,75,65,5
447.79,1,29,65,5
448.79,1,17,65,5
449.79,1,37,65,5
450.79,1,23,65,5
451.8,0,79,65,5
452.8,0,87,65,5
453.8,0,100,65,5
454.8,0,83,65,5
455.8,1,3,65,5
456.8,0,75,65,5
457.8,1,27,65,5
458.81,0,93,65,5
459.81,1,61,65,5
460.81,1,15,65,5
461.81,0,67,65,5
462.81,1,14,65,5
463.81,0,87,65,5
464.81,1,41,65,5
465.82,1,57,65,5
466.82,1,37,60,5
467.82,0,90,60,5
468.82,1,42,60,5
469.82,1,19,60,5
470.82,1,47,60,5
471.82,0,85,60,5
472.82,1,24,60,5
473.83,1,53,60,5
474.83,1,33,60,5
475.83,1,10,60,5
476.83,1,31,60,5
477.83,1,60,60,5
478.83,1,9,60,5
479.83,0,88,60,5
480.84,0,96,60,5
481.84,0,65,60,5
482.84,1,22,60,5
483.84,1,44,60,5
484.84,0,62,60,5
485.84,0,74,60,5
486.84,0,81,60,5
487.84,1,40,60,5
488.85,0,91,60,5
489.85,1,34,60,5
490.85,1,3,60,5
491.85,1,9,60,5
492.85,0,72,60,5
493.85,1,15,60,5
494.85,1,24,60,5
495.86,1,12,60,5
496.86,0,74,60,5
497.86,1,24,60,5
498.86,0,88,60,5
499.86,1,30,60,5
500.86,1,27,60,5
501.86,0,61,60,5
502.86,0,70,60,5
503.87,0,89,60,5
504.87,0,89,60,5
505.87,1,47,60,5
506.87,0,89,60,5
507.87,1,22,60,5
508.87,1,37,60,5
509.87,1,40,60,5
510.88,0,87,60,5
511.88,0,97,60,5
512.88,0,87,60,5
513.88,0,63,60,5
514.88,1,12,60,5
515.88,1,3,60,5
516.89,1,4,60,5
517.89,1,37,60,5
518.89,0,77,60,5
519.89,1,48,60,5
520.89,1,1,60,5
521.89,1,14,60,5
522.89,1,53,60,5
523.9,1,4,60,5
524.9,1,30,60,5
525.9,0,80,60,5
526.9,1,5,60,5
527.9,0,81,60,5
528.9,1,15,60,5
529.9,0,92,60,5
530.9,1,45,60,5
531.91,1,39,60,5
532.91,1,34,60,5
533.91,0,93,60,5
534.91,0,98,60,5
535.91,1,32,60,5
536.91,0,74,60,5
537.91,1,3,60,5
538.91,0,61,60,5
539.91,0,95,60,5
540.92,1,25,60,5
541.92,0,83,60,5
542.92,1,17,60,5
543.92,1,21,60,5
544.92,0,100,60,5
545.92,1,11,60,5
546.92,1,33,60,5
547.93,1,37,60,5
548.93,1,15,60,5
549.93,1,55,60,5
550.93,0,80,60,5
551.93,1,18,60,5
552.93,0,68,60,5
553.93,1,38,60,5
554.94,1,36,60,5
555.94,1,30,60,5
556.94,1,19,60,5
557.94,0,77,60,5
558.94,1,36,60,5
559.94,1,2,60,5
560.94,0,96,60,5
561.95,1,3,60,5
562.95,0,67,60,5
563.95,0,71,60,5
564.95,0,68,60,5
565.95,1,46,60,5
566.95,0,81,60,5
567.95,0,75,60,5
568.96,0,97,60,5
569.96,0,83,60,5
570.96,0,69,60,5
571.96,0,70,60,5
572.96,1,57,60,5
573.96,1,13,60,5
574.96,1,22,60,5
575.97,1,35,60,5
576.97,1,14,60,5
577.97,1,16,60,5
578.97,1,43,60,5
579.97,1,42,60,5
580.97,1,35,60,5
581.98,0,87,60,5
582.98,1,19,60,5
583.98,0,99,60,5
584.98,1,6,60,5
585.98,0,69,60,5
586.98,1,36,60,5
587.98,1,25,60,5
588.98,1,31,60,5
589.99,1,16,60,5
590.99,0,71,60,5
591.99,1,33,60,5
592.99,0,93,60,5
593.99,1,54,60,5
594.99,0,95,60,5
595.99,0,67,60,5
596.99,1,54,60,5
598.0,1,0,60,5
599.0,1,51,60,5
600.0,0,75,60,5
601.0,1,39,60,5
602.0,0,99,60,5
603.0,0,87,60,5
604.0,1,53,60,5
605.01,1,40,60,5
606.01,1,46,60,5
607.01,1,22,60,5
608.01,0,88,60,5
609.01,0,68,60,5
610.01,0,83,60,5
611.01,1,59,60,5
612.01,0,74,60,5
613.02,1,59,60,5
614.02,1,43,60,5
615.02,0,89,60,5
616.02,0,61,60,5
617.02,0,69,60,5
618.02,1,23,60,5
619.02,1,49,60,5
620.03,1,11,60,5
621.03,0,64,60,5
622.03,0,76,60,5
623.03,0,99,60,5
624.03,1,15,60,5
625.03,1,13,60,5
626.03,1,60,60,5
627.03,1,32,60,5
628.04,0,86,60,5
629.04,0,91,60,5
630.04,1,40,60,5
631.04,1,60,60,5
632.04,0,71,60,5
633.04,1,34,60,5
634.04,1,28,60,5
635.04,0,78,60,5
636.04,0,70,60,5
637.05,0,97,60,5
638.05,1,55,60,5
639.05,0,64,60,5
640.05,0,78,60,5
641.05,0,79,60,5
642.05,0,90,60,5
643.05,1,16,60,5
644.06,1,27,60,5
645.06,1,0,60,5
646.06,1,2,60,5
647.06,0,92,60,5
648.06,1,2,60,5
649.06,1,21,60,5
650.06,1,27,60,5
651.06,1,47,60,5
652.07,1,22,60,5
653.07,0,78,60,5
654.07,0,97,60,5
655.07,0,84,60,5
656.07,0,85,60,5
657.07,1,6,60,5
658.07,0,76,60,5
659.08,1,57,60,5
660.08,0,84,60,5
661.08,0,64,60,5
662.08,1,47,60,5
663.08,0,88,60,5
664.08,0,67,60,5
665.08,0,89,60,5
666.08,0,70,60,5
667.09,1,30,55,5
668.09,1,49,55,5
669.09,1,38,55,5
670.09,0,95,55,5
671.09,0,65,55,5
672.09,1,39,55,5
673.09,1,37,55,5
674.09,1,10,55,5
675.09,0,66,55,5
676.1,1,30,55,5
677.1,0,73,55,5
678.1,1,15,55,5
679.1,1,17,55,5
680.1,0,82,55,5
681.1,1,10,55,5
682.1,0,97,55,5
683.1,0,80,55,5
684.11,0,96,55,5
685.11,0,60,55,5
686.11,1,43,55,5
687.11,1,16,55,5
688.11,1,51,55,5
689.11,1,11,55,5
690.11,1,55,55,5
691.12,0,94,55,5
692.12,0,63,55,5
693.12,1,7,55,5
694.12,0,62,55,5
695.12,1,22,55,5
696.12,1,29,55,5
697.12,0,93,55,5
698.12,0,63,55,5
699.13,1,44,55,5
700.13,0,59,55,5
701.13,1,51,55,5
702.13,0,84,55,5
703.13,0,83,55,5
704.13,1,32,55,5
705.13,0,80,55,5
706.13,1,0,55,5
707.13,1,52,55,5
708.13,1,52,55,5
709.14,1,55,55,5
710.14,1,4,55,5
711.14,1,3,55,5
712.14,0,95,55,5
713.14,1,11,55,5
714.14,0,58,55,5
715.14,1,9,55,5
716.14,1,1,55,5
717.15,1,49,55,5
718.15,0,99,55,5
719.15,1,18,55,5
720.15,1,24,55,5
721.15,0,93,55,5
722.15,1,27,55,5
723.15,0,97,55,5
724.15,0,65,55,5
725.15,0,84,55,5
726.16,0,67,55,5
727.16,1,13,55,5
728.16,1,25,55,5
729.16,1,46,55,5
730.16,0,83,55,5
731.16,1,23,55,5
732.16,1,39,55,5
733.17,1,45,55,5
734.17,0,94,55,5
735.17,1,32,55,5
736.17,1,28,55,5
737.17,0,93,55,5
738.17,0,67,55,5
739.17,1,46,55,5
740.17,0,70,55,5
741.17,0,96,55,5
742.17,1,39,55,5
743.18,0,80,55,5
744.18,1,1,55,5
745.18,1,4,55,5
746.18,0,79,55,5
747.18,1,2,55,5
748.18,0,97,55,5
749.18,1,17,55,5
750.18,1,1,55,5
751.19,1,21,55,5
752.19,0,73,55,5
753.19,1,47,55,5
754.19,1,25,55,5
755.19,0,96,55,5
756.19,0,78,55,5
757.19,0,80,55,5
758.19,1,42,55,5
759.2,0,81,55,5
760.2,1,16,55,5
761.2,1,8,55,5
762.2,0,82,55,5
763.2,1,52,55,5
764.21,0,57,55,5
765.21,0,66,55,5
766.21,0,81,55,5
767.21,0,80,55,5
768.21,0,82,55,5
769.21,1,35,55,5
770.21,0,57,55,5
771.21,1,13,55,5
772.22,1,4,55,5
773.22,0,68,55,5
774.22,0,65,55,5
775.22,1,36,55,5
776.22,0,59,55,5
777.22,0,75,55,5
778.22,1,54,55,5
779.22,0,92,55,5
780.23,0,80,55,5
781.23,0,60,55,5
782.23,1,30,55,5
783.23,0,69,55,5
784.23,1,54,55,5
785.23,0,92,55,5
786.23,1,36,55,5
787.23,1,24,55,5
788.24,0,66,55,5
789.24,0,82,55,5
790.24,1,35,55,5
791.24,0,68,55,5
792.24,1,49,55,5
793.24,0,65,55,5
794.24,1,40,55,5
795.25,0,65,55,5
796.25,1,50,55,5
797.25,1,31,55,5
798.25,0,85,55,5
799.25,0,61,55,5
800.25,0,79,55,5
801.25,0,83,55,5
802.25,1,13,55,5
803.25,1,3,55,5
804.26,1,13,55,5
805.26,0,62,55,5
806.26,0,56,55,5
807.26,0,67,55,5
808.26,1,33,55,5
809.26,0,78,55,5
810.26,1,47,55,5
811.27,0,91,55,5
812.27,1,30,55,5
813.27,1,4,55,5
814.27,0,59,55,5
815.27,1,20,55,5
816.27,0,65,55,5
817.27,0,60,55,5
818.27,1,20,55,5
819.28,0,73,55,5
820.28,0,64,55,5
821.28,1,20,55,5
822.28,1,51,55,5
823.28,1,30,55,5
824.28,0,97,55,5
825.28,1,32,55,5
826.28,1,33,55,5
827.28,0,100,55,5
828.29,1,41,55,5
829.29,1,15,55,5
830.29,0,81,55,5
831.29,0,64,55,5
832.29,1,55,55,5
833.29,1,2,55,5
834.3,1,26,55,5
835.3,0,88,55,5
836.3,0,66,55,5
837.3,0,60,55,5
838.3,0,100,55,5
839.3,1,20,55,5
840.3,1,45,55,5
841.31,0,69,55,5
842.31,1,35,55,5
843.31,1,28,55,5
844.31,1,46,55,5
845.31,0,87,55,5
846.31,0,70,55,5
847.31,1,3,55,5
848.31,1,39,55,5
849.32,0,60,55,5
850.32,0,93,55,5
851.32,1,27,55,5
852.32,0,62,55,5
853.32,0,65,55,5
854.32,0,100,55,5
855.32,1,40,55,5
856.32,0,81,55,5
857.33,1,52,55,5
858.33,1,13,55,5
859.33,1,53,55,5
860.33,0,85,55,5
861.33,1,26,55,5
862.33,1,10,55,5
863.33,1,17,55,5
864.34,0,90,55,5
865.34,0,72,55,5
866.34,1,20,55,5
867.34,1,6,50,5
868.34,0,77,50,5
869.34,0,72,50,5
870.34,1,35,50,5
871.34,1,20,50,5
872.35,1,10,50,5
873.35,0,85,50,5
874.35,0,54,50,5
875.35,0,100,50,5
876.35,1,21,50,5
877.35,0,56,50,5
878.35,0,55,50,5
879.36,1,16,50,5
880.36,0,76,50,5
881.36,0,78,50,5
882.36,0,67,50,5
883.36,1,15,50,5
884.36,0,72,50,5
885.36,0,66,50,5
886.36,0,84,50,5
887.37,0,100,50,5
888.37,1,39,50,5
889.37,1,44,50,5
890.37,0,90,50,5
891.37,0,85,50,5
892.37,1,10,50,5
893.37,1,1,50,5
894.37,0,78,50,5
895.38,0,86,50,5
896.38,1,41,50,5
897.38,1,37,50,5
898.38,1,21,50,5
899.38,1,41,50,5
900.38,0,85,50,5
901.39,0,98,50,5
902.39,0,91,50,5
903.39,1,28,50,5
904.39,0,56,50,5
905.39,1,15,50,5
906.39,1,5,50,5
907.39,0,61,50,5
908.39,0,87,50,5
909.39,1,35,50,5
910.4,0,91,50,5
911.4,0,93,50,5
912.4,1,4,50,5
913.4,1,0,50,5
914.4,0,99,50,5
915.4,0,61,50,5
916.4,1,45,50,5
917.41,0,64,50,5
918.41,0,64,50,5
919.41,1,0,50,5
920.41,1,36,50,5
921.41,1,12,50,5
922.41,0,56,50,5
923.41,1,16,50,5
924.41,0,81,50,5
925.42,1,43,50,5
926.42,1,31,50,5
927.42,1,14,50,5
928.42,1,34,50,5
929.42,1,34,50,5
930.42,1,32,50,5
931.42,1,9,50,5
932.42,0,85,50,5
933.42,0,88,50,5
934.43,1,19,50,5
935.43,1,38,50,5
936.43,1,0,50,5
937.43,0,72,50,5
938.43,0,96,50,5
939.43,1,34,50,5
940.44,1,32,50,5
941.44,1,30,50,5
942.44,0,81,50,5
943.44,0,82,50,5
944.44,1,42,50,5
945.44,0,57,50,5
946.44,0,53,50,5
947.44,0,100,50,5
948.44,0,91,50,5
949.45,1,41,50,5
950.45,0,72,50,5
951.45,1,44,50,5
952.45,0,94,50,5
953.45,1,43,50,5
954.45,1,25,50,5
955.45,0,70,50,5
956.46,0,65,50,5
957.46,0,52,50,5
958.46,0,75,50,5
959.46,1,49,50,5
960.46,0,58,50,5
961.46,1,42,50,5
962.46,0,91,50,5
963.46,1,23,50,5
964.47,0,78,50,5
965.47,0,80,50,5
966.47,1,27,50,5
967.47,0,52,50,5
968.47,1,18,50,5
969.47,1,12,50,5
970.47,1,9,50,5
971.48,0,94,50,5
972.48,0,99,50,5
973.48,0,56,50,5
974.48,1,21,50,5
975.48,1,40,50,5
976.48,1,31,50,5
977.48,1,28,50,5
978.48,1,4,50,5
979.48,0,51,50,5
980.49,0,99,50,5
981.49,0,84,50,5
982.49,1,10,50,5
983.49,0,64,50,5
984.49,0,81,50,5
985.49,0,72,50,5
986.49,1,3,50,5
987.5,1,22,50,5
988.5,1,32,50,5
989.5,1,41,50,5
990.5,0,94,50,5
991.5,1,28,50,5
992.5,1,39,50,5
993.5,0,88,50,5
994.5,0,100,50,5
995.51,1,17,50,5
996.51,1,32,50,5
997.51,0,64,50,5
998.51,0,70,50,5
999.51,1,9,50,5
1000.51,1,27,50,5
1001.51,0,78,50,5
1002.52,1,0,50,5
1003.52,1,39,50,5
1004.52,1,47,50,5
1005.52,1,17,50,5
1006.52,1,7,50,5
1007.52,0,94,50,5
1008.52,1,7,50,5
1009.52,1,16,50,5
1010.53,1,29,50,5
1011.53,1,38,50,5
1012.53,1,15,50,5
1013.53,1,20,50,5
1014.53,1,28,50,5
1015.53,0,86,50,5
1016.53,1,3,50,5
1017.54,1,2,50,5
1018.54,1,32,50,5
1019.54,1,26,50,5
1020.54,0,66,50,5
1021.54,0,54,50,5
1022.54,1,17,50,5
1023.54,1,49,50,5
1024.54,0,67,50,5
1025.55,1,8,50,5
1026.55,0,56,50,5
1027.55,1,11,50,5
1028.55,1,3,50,5
1029.55,1,7,50,5
1030.55,0,69,50,5
1031.55,0,76,50,5
1032.56,1,27,50,5
1033.56,1,34,50,5
1034.56,0,79,50,5
1035.56,1,0,50,5
1036.56,0,82,50,5
1037.56,1,39,50,5
1038.56,1,37,50,5
1039.56,0,84,50,5
1040.57,1,6,50,5
1041.57,1,37,50,5
1042.57,1,30,50,5
1043.57,1,16,50,5
1044.57,1,33,50,5
1045.57,0,64,50,5
1046.57,0,97,50,5
1047.57,1,45,50,5
1048.57,1,43,50,5
1049.58,0,67,50,5
1050.58,0,61,50,5
1051.58,0,92,50,5
1052.58,0,57,50,5
1053.58,0,74,50,5
1054.58,1,6,50,5
1055.58,1,49,50,5
1056.58,1,4,50,5
1057.59,0,68,50,5
1058.59,0,67,50,5
1059.59,1,39,50,5
1060.59,1,39,50,5
1061.59,0,71,50,5
1062.59,0,89,50,5
1063.59,1,33,50,5
1064.59,1,21,50,5
1065.6,1,45,50,5
1066.6,0,91,50,5
1067.6,0,64,45,5
1068.6,0,89,45,5
1069.6,0,47,45,5
1070.6,0,61,45,5
1071.6,0,88,45,5
1072.6,1,37,45,5
1073.61,1,29,45,5
1074.61,0,46,45,5
1075.61,0,60,45,5
1076.61,1,35,45,5
1077.61,0,68,45,5
1078.61,0,62,45,5
1079.61,1,43,45,5
1080.61,0,65,45,5
1081.62,0,56,45,5
1082.62,1,30,45,5
1083.62,0,77,45,5
1084.62,0,76,45,5
1085.62,1,21,45,5
1086.62,1,39,45,5
1087.62,1,1,45,5
1088.62,0,86,45,5
1089.63,0,100,45,5
1090.63,0,79,45,5
1091.63,0,56,45,5
1092.63,0,49,45,5
1093.63,0,47,45,5
1094.63,1,31,45,5
1095.63,0,77,45,5
1096.63,0,92,45,5
1097.64,1,22,45,5
1098.64,0,99,45,5
1099.64,0,69,45,5
1100.64,0,74,45,5
1101.64,1,27,45,5
1102.64,1,20,45,5
1103.64,1,25,45,5
1104.64,0,99,45,5
1105.65,1,22,45,5
1106.65,0,72,45,5
1107.65,0,84,45,5
1108.65,0,64,45,5
1109.65,0,87,45,5
1110.65,1,36,45,5
1111.65,0,100,45,5
1112.65,1,19,45,5
1113.65,0,79,45,5
1114.66,0,52,45,5
1115.66,0,95,45,5
1116.66,1,1,45,5
1117.66,1,18,45,5
1118.66,1,28,45,5
1119.66,0,51,45,5
1120.66,0,55,45,5
1121.66,1,21,45,5
1122.67,1,31,45,5
1123.67,0,80,45,5
1124.67,1,7,45,5
1125.67,1,30,45,5
1126.67,0,94,45,5
1127.67,0,60,45,5
1128.67,0,99,45,5
1129.68,1,0,45,5
1130.68,0,87,45,5
1131.68,0,100,45,5
1132.68,1,1,45,5
1133.68,0,99,45,5
1134.68,1,0,45,5
1135.68,0,85,45,5
1136.68,1,44,45,5
1137.69,1,20,45,5
1138.69,1,27,45,5
1139.69,0,73,45,5
1140.69,0,56,45,5
1141.69,0,86,45,5
1142.69,1,42,45,5
1143.69,0,94,45,5
1144.7,1,18,45,5
1145.7,0,79,45,5
1146.7,0,59,45,5
1147.7,1,9,45,5
1148.7,0,80,45,5
1149.7,1,2,45,5
1150.7,0,64,45,5
1151.7,0,99,45,5
1152.71,1,15,45,5
1153.71,0,63,45,5
1154.71,1,4,45,5
1155.71,0,97,45,5
1156.71,0,46,45,5
1157.71,0,57,45,5
1158.71,0,68,45,5
1159.71,0,85,45,5
1160.71,0,54,45,5
1161.72,0,64,45,5
1162.72,0,68,45,5
1163.72,1,17,45,5
1164.72,0,73,45,5
1165.72,1,4,45,5
1166.72,0,63,45,5
1167.72,0,79,45,5
1168.72,0,56,45,5
1169.73,1,25,45,5
1170.73,0,84,45,5
1171.73,0,49,45,5
1172.73,1,24,45,5
1173.73,1,5,45,5
1174.73,0,63,45,5
1175.73,0,99,45,5
1176.74,0,57,45,5
1177.74,0,76,45,5
1178.74,0,54,45,5
1179.74,0,92,45,5
1180.74,0,78,45,5
1181.74,1,27,45,5
1182.74,0,89,45,5
1183.74,0,97,45,5
1184.74,1,18,45,5
1185.75,0,50,45,5
1186.75,0,61,45,5
1187.75,0,57,45,5
1188.75,0,77,45,5
1189.75,0,52,45,5
1190.75,0,59,45,5
1191.75,1,16,45,5
1192.76,1,15,45,5
1193.76,1,13,45,5
1194.76,0,71,45,5
1195.76,0,70,45,5
1196.76,1,45,45,5
