1.24,1,33,50,0
2.24,0,98,50,0
3.25,0,85,50,0
4.25,1,2,50,0
5.25,1,5,50,0
6.25,1,28,45,0
7.25,0,89,45,0
8.25,0,90,45,0
9.25,0,94,45,0
10.25,0,61,45,0
11.25,1,16,45,0
12.26,0,72,40,0
13.26,1,26,40,0
14.26,0,68,40,0
15.26,1,2,40,0
16.26,0,82,40,0
17.26,0,46,40,0
18.26,0,97,35,0
19.26,1,16,35,0
20.26,1,24,35,1
21.27,1,4,35,1
22.27,0,71,35,1
23.27,0,98,35,1
24.27,0,38,30,1
25.27,1,13,30,1
26.27,0,78,30,1
27.27,0,34,30,1
28.27,0,76,30,1
29.28,0,57,30,1
30.28,0,75,25,1
31.28,0,41,25,1
32.28,0,97,25,1
33.28,0,60,25,1
34.28,0,34,25,1
35.28,0,34,25,1
36.29,0,52,20,1
37.29,0,98,20,1
38.29,0,59,20,1
39.29,0,42,20,1
40.29,0,72,20,1
41.29,0,61,20,2
42.29,0,25,15,2
43.3,0,80,15,2
44.3,0,19,15,2
45.3,0,41,15,2
46.3,0,36,15,2
47.3,0,97,15,2
48.3,0,94,10,2
49.3,1,4,10,2
50.3,0,83,10,2
51.31,0,64,10,2
52.31,0,42,10,2
53.31,0,24,10,2
54.31,0,45,5,2
55.31,0,72,5,2
56.31,0,84,5,2
57.31,0,75,5,2
58.31,0,9,5,2
59.31,0,56,5,2
60.32,0,89,0,2
61.32,0,83,0,2
62.32,0,39,0,2
63.32,0,94,0,2
64.32,0,89,0,2
65.32,0,42,0,2
66.32,0,95,0,2
67.33,0,85,0,2
68.33,0,22,0,2
69.33,0,95,0,2
70.33,0,32,0,2
71.33,0,24,0,2
72.33,0,32,0,2
73.33,0,50,0,2
74.33,0,71,0,2
75.34,0,89,0,2
76.34,0,81,0,2
77.34,0,7,0,2
78.34,0,28,0,2
79.34,0,96,0,2
80.34,0,88,0,2
81.34,0,30,0,2
82.34,0,73,0,2
83.35,0,77,0,2
84.35,0,98,0,2
85.35,0,49,0,2
86.35,0,90,0,2
87.35,0,95,0,2
88.35,0,81,0,3
89.35,0,17,0,3
90.35,0,16,0,3
91.36,0,27,0,3
92.36,0,67,0,3
93.36,0,83,0,3
94.36,0,51,0,3
95.36,0,12,0,3
96.36,0,94,0,3
97.36,0,31,0,3
98.36,0,98,0,3
99.36,0,35,0,3
100.37,0,8,0,3
101.37,0,78,0,3
102.37,0,60,0,3
103.37,0,20,0,3
104.37,0,81,0,3
105.37,0,86,0,3
106.38,0,62,0,3
107.38,0,89,0,3
108.38,0,22,0,3
109.38,0,21,0,3
110.38,0,32,0,3
111.38,0,92,0,3
112.38,0,59,0,3
113.38,0,95,0,3
114.38,0,51,0,3
115.39,0,69,0,3
116.39,0,65,0,3
117.39,0,97,0,3
118.39,0,29,0,3
119.39,0,59,0,3
120.39,0,5,0,3
121.39,0,75,0,3
122.4,0,2,0,3
123.4,0,28,0,3
124.4,0,31,0,3
125.4,0,97,0,3
126.4,0,57,0,3
127.4,0,58,0,3
128.4,0,45,0,3
129.41,0,65,0,3
130.41,0,29,0,3
131.41,0,64,0,3
132.41,0,62,0,3
133.41,0,41,0,3
134.41,0,46,0,3
135.41,0,11,0,3
136.42,0,2,0,3
137.42,0,88,0,3
138.42,0,8,0,3
139.42,0,30,0,3
140.42,0,55,0,3
141.42,0,83,0,3
142.42,0,59,0,3
143.42,0,58,0,3
144.43,0,90,0,3
145.43,0,31,0,3
146.43,0,68,0,3
147.43,0,81,0,3
148.44,0,3,0,3
149.44,0,98,0,3
150.44,0,97,0,3
151.44,0,61,0,3
152.44,0,86,0,3
153.44,0,52,0,3
154.44,0,35,0,3
155.45,0,58,0,3
156.45,0,99,0,3
157.45,0,53,0,3
158.45,0,74,0,3
159.45,0,76,0,3
160.45,0,29,0,3
161.46,0,70,0,3
162.46,0,33,0,3
163.46,0,52,0,4
164.46,0,36,0,4
165.46,0,99,0,4
166.46,0,32,0,4
167.46,0,72,0,4
168.47,0,63,0,4
169.47,0,14,0,4
170.47,0,57,0,4
171.47,0,72,0,4
172.47,0,28,0,4
173.47,0,18,0,4
174.47,0,88,0,4
175.47,0,77,0,4
176.48,0,3,0,4
177.48,0,86,0,4
178.48,0,41,0,4
179.48,0,13,0,4
180.48,0,13,0,4
181.48,0,58,0,4
182.48,0,51,0,4
183.49,0,8,0,4
184.49,0,69,0,4
185.49,0,44,0,4
186.49,0,99,0,4
187.49,0,80,0,4
188.49,0,50,0,4
189.49,0,23,0,4
190.49,0,39,0,4
191.5,0,70,0,4
192.5,0,38,0,4
193.5,0,70,0,4
194.5,0,41,0,4
195.5,0,56,0,4
196.5,0,48,0,4
197.5,0,52,0,4
198.5,0,81,0,4
199.51,0,10,0,4
200.51,0,4,0,4
201.51,0,81,0,4
202.51,0,72,0,4
203.51,0,91,0,4
204.51,0,41,0,4
205.51,0,65,0,4
206.51,0,47,0,4
207.52,0,8,0,4
208.52,0,80,0,4
209.52,0,54,0,4
210.52,0,34,0,4
211.52,0,39,0,4
212.52,0,93,0,4
213.52,0,23,0,4
214.53,0,32,0,4
215.53,0,71,0,4
216.53,0,1,0,4
217.53,0,91,0,4
218.53,0,33,0,4
219.53,0,25,0,4
220.54,0,81,0,4
221.54,0,18,0,4
222.54,0,17,0,4
223.54,0,77,0,4
224.54,0,55,0,4
225.54,0,56,0,4
226.55,0,47,0,4
227.55,0,43,0,4
228.55,0,18,0,4
229.55,0,2,0,4
230.55,0,92,0,4
231.55,0,72,0,4
232.55,0,84,0,4
233.56,0,29,0,4
234.56,0,68,0,4
235.56,0,70,0,4
236.56,0,71,0,4
237.56,0,66,0,4
238.56,0,70,0,4
239.56,0,60,0,4
240.57,0,17,0,4
241.57,0,34,0,4
242.57,0,37,0,4
243.57,0,68,0,4
244.57,0,98,0,4
245.57,0,86,0,4
246.57,0,40,0,4
247.57,1,0,0,4
248.58,0,23,0,4
249.58,0,2,0,4
250.58,0,78,0,4
251.58,0,10,0,4
252.58,0,65,0,4
253.58,0,82,0,4
254.58,0,64,0,4
255.59,0,80,0,4
256.59,0,66,0,4
257.59,0,18,0,4
258.59,0,57,0,4
259.59,0,22,0,4
260.59,0,15,0,4
261.59,0,43,0,4
262.59,0,7,0,4
263.6,0,74,0,4
264.6,0,67,0,4
265.6,0,90,0,4
266.6,0,29,0,4
267.6,0,41,0,4
268.6,0,84,0,4
269.6,0,66,0,4
270.61,0,58,0,4
271.61,0,57,0,4
272.61,0,34,0,4
273.61,0,20,0,4
274.61,0,11,0,4
275.61,0,60,0,4
276.61,0,84,0,4
277.61,0,56,0,4
278.62,0,9,0,4
279.62,0,74,0,4
280.62,0,52,0,4
281.62,0,31,0,4
282.62,0,23,0,4
283.62,0,94,0,4
284.62,0,32,0,4
285.63,0,91,0,4
286.63,0,63,0,4
287.63,0,49,0,4
288.63,0,40,0,4
289.63,0,45,0,4
290.63,0,21,0,4
291.63,0,83,0,4
292.64,0,20,0,4
293.64,0,22,0,4
294.64,0,8,0,4
295.64,0,69,0,4
296.64,0,7,0,4
297.64,0,19,0,4
298.64,0,37,0,4
299.65,0,81,0,4
300.65,0,16,0,4
301.65,0,98,0,4
302.65,0,30,0,4
303.65,0,57,0,4
304.65,0,45,0,4
305.65,0,55,0,4
306.66,0,87,0,4
307.66,0,70,0,4
308.66,0,36,0,4
309.66,0,17,0,4
310.66,0,93,0,4
311.66,0,6,0,4
312.66,0,60,0,4
313.67,0,29,0,4
314.67,0,96,0,4
315.67,0,98,0,4
316.67,0,4,0,4
317.67,0,11,0,4
318.67,0,18,0,4
319.67,0,53,0,4
320.68,0,1,0,4
321.68,0,49,0,4
322.68,0,20,0,4
323.68,0,83,0,4
324.68,0,93,0,4
325.68,0,45,0,4
326.68,0,23,0,4
327.68,0,34,0,4
328.69,0,41,0,4
329.69,0,34,0,4
330.69,0,77,0,4
331.69,0,95,0,4
332.69,0,41,0,4
333.69,0,72,0,4
334.69,0,41,0,4
335.7,0,10,0,4
336.7,0,50,0,4
337.7,0,70,0,4
338.7,0,71,0,4
339.7,0,51,0,4
340.7,0,31,0,4
341.7,0,22,0,4
342.7,0,66,0,4
343.71,0,30,0,4
344.71,0,21,0,4
345.71,0,14,0,4
346.71,0,19,0,4
347.71,0,49,0,4
348.71,0,81,0,4
349.71,0,51,0,4
350.72,0,79,0,4
351.72,0,98,0,4
352.72,0,73,0,4
353.72,0,92,0,4
354.72,0,16,0,4
355.72,0,90,0,4
356.72,0,74,0,4
357.72,0,60,0,4
358.73,0,98,0,4
359.73,0,66,0,4
360.73,0,56,0,4
361.73,0,26,0,4
362.73,0,16,0,4
363.73,0,26,0,4
364.73,0,44,0,4
365.74,0,4,0,4
366.74,0,6,0,4
367.74,0,21,0,4
368.74,0,39,0,4
369.74,0,100,0,4
370.74,0,97,0,4
371.74,0,36,0,4
372.74,0,79,0,4
373.75,0,44,0,4
374.75,0,50,0,4
375.75,0,40,0,4
376.75,0,86,0,4
377.75,0,13,0,4
378.75,0,21,0,4
379.75,0,71,0,4
380.75,0,17,0,4
381.76,0,50,0,4
382.76,0,94,0,4
383.76,0,21,0,4
384.76,0,21,0,4
385.76,0,75,0,4
386.76,0,7,0,4
387.77,0,88,0,4
388.77,0,85,0,4
389.77,0,29,0,4
390.77,0,85,0,4
391.77,0,43,0,4
392.77,0,35,0,4
393.77,0,61,0,4
394.77,0,71,0,4
395.78,0,26,0,4
396.78,0,8,0,4
397.78,0,44,0,4
398.78,0,36,0,4
399.78,0,23,0,4
400.78,0,65,0,4
401.78,0,98,0,4
402.79,0,57,0,4
403.79,0,32,0,4
404.79,0,26,0,4
405.79,0,90,0,4
406.79,0,1,0,4
407.79,0,58,0,4
408.79,0,100,0,4
409.8,0,5,0,4
410.8,0,14,0,4
411.8,0,51,0,4
412.8,0,93,0,4
413.8,0,80,0,4
414.8,0,79,0,4
415.8,0,88,0,4
416.81,0,7,0,4
417.81,0,100,0,4
418.81,0,65,0,4
419.81,0,62,0,4
420.81,0,60,0,4
421.81,0,92,0,4
422.81,0,83,0,4
423.81,0,41,0,4
424.81,0,13,0,4
425.82,0,42,0,4
426.82,0,80,0,4
427.82,0,4,0,4
428.82,0,68,0,4
429.82,0,3,0,4
430.82,0,57,0,4
431.83,0,89,0,4
432.83,0,83,0,4
433.83,0,45,0,4
434.83,0,65,0,4
435.83,0,5,0,4
436.83,0,88,0,4
437.83,0,43,0,4
438.83,0,38,0,4
439.84,0,56,0,4
440.84,0,8,0,4
441.84,0,24,0,4
442.84,0,92,0,4
443.84,0,2,0,4
444.84,0,64,0,4
445.84,0,1,0,4
446.85,1,0,0,4
447.85,0,99,0,4
448.85,0,100,0,4
449.85,0,17,0,4
450.85,0,21,0,4
451.85,0,79,0,4
452.85,0,97,0,4
453.86,0,92,0,4
454.86,0,20,0,4
455.86,0,90,0,4
456.86,0,97,0,4
457.86,0,37,0,4
458.86,0,79,0,4
459.86,0,4,0,4
460.86,0,30,0,4
461.86,0,68,0,4
462.87,0,75,0,4
463.87,0,54,0,4
464.87,0,10,0,4
465.87,0,69,0,4
466.87,0,9,0,4
467.87,0,44,0,4
468.87,0,97,0,4
469.88,0,69,0,4
470.88,0,57,0,4
471.88,0,90,0,4
472.88,0,100,0,4
473.88,0,61,0,4
474.88,0,53,0,4
475.88,0,96,0,4
476.88,0,27,0,4
477.89,0,63,0,4
478.89,0,37,0,4
479.89,0,54,0,4
480.89,0,11,0,4
481.89,0,7,0,4
482.89,0,93,0,4
483.89,0,9,0,4
484.89,0,39,0,4
485.89,0,63,0,4
486.89,0,52,0,4
487.9,0,99,0,4
488.9,0,78,0,4
489.9,0,67,0,4
490.9,0,19,0,4
491.9,0,53,0,4
492.9,0,36,0,4
493.9,0,60,0,4
494.91,0,46,0,4
495.91,0,55,0,4
496.91,0,44,0,4
497.91,0,91,0,4
498.91,0,35,0,4
499.91,0,1,0,4
500.91,0,28,0,4
501.92,0,6,0,4
502.92,0,68,0,4
503.92,0,24,0,4
504.92,0,25,0,4
505.92,0,52,0,4
506.92,0,89,0,4
507.92,0,74,0,4
508.93,0,46,0,4
509.93,0,65,0,4
510.93,0,65,0,4
511.93,0,6,0,4
512.93,0,94,0,4
513.93,0,56,0,4
514.93,0,54,0,4
515.94,0,15,0,4
516.94,0,92,0,4
517.94,0,99,0,4
518.94,0,62,0,4
519.94,0,36,0,4
520.94,0,12,0,4
521.94,0,30,0,4
522.94,0,33,0,4
523.95,0,73,0,4
524.95,0,100,0,4
525.95,0,62,0,4
526.95,0,48,0,4
527.95,1,0,0,4
528.95,0,35,0,4
529.95,0,67,0,4
530.96,0,16,0,4
531.96,0,11,0,4
532.96,0,75,0,4
533.96,0,39,0,4
534.96,0,64,0,4
535.96,0,38,0,4
536.96,0,6,0,4
537.96,0,39,0,4
538.97,0,52,0,4
539.97,0,84,0,4
540.97,0,32,0,4
541.97,1,0,0,4
542.97,0,75,0,4
543.97,0,98,0,4
544.97,0,93,0,4
545.98,0,58,0,4
546.98,0,83,0,4
547.98,0,14,0,4
548.98,0,22,0,4
549.98,0,24,0,4
550.98,0,32,0,4
551.98,0,89,0,4
552.99,0,86,0,4
553.99,0,62,0,4
554.99,0,59,0,4
555.99,0,62,0,4
556.99,0,64,0,4
557.99,0,83,0,4
558.99,0,97,0,4
560.0,0,30,0,4
561.0,0,27,0,4
562.0,0,46,0,4
563.0,0,36,0,4
564.0,0,83,0,4
565.0,0,26,0,4
566.0,0,4,0,4
567.0,0,77,0,4
568.01,0,46,0,4
569.01,1,0,0,4
570.01,0,47,0,4
571.01,0,93,0,4
572.01,0,42,0,4
573.01,0,100,0,4
574.01,0,73,0,4
575.02,0,24,0,4
576.02,0,60,0,4
577.02,0,12,0,4
578.02,0,60,0,4
579.02,0,51,0,4
580.02,0,93,0,4
581.02,0,52,0,4
582.02,0,35,0,4
583.03,0,35,0,4
584.03,0,18,0,4
585.03,1,0,0,4
586.03,0,83,0,4
587.03,0,89,0,4
588.03,0,68,0,4
589.03,0,36,0,4
590.04,0,39,0,4
591.04,0,15,0,4
592.04,0,99,0,4
593.04,0,11,0,4
594.04,0,81,0,4
595.04,0,79,0,4
596.04,0,64,0,4
597.05,0,44,0,4
598.05,0,47,0,4
599.05,0,25,0,4
600.05,0,21,0,4
601.05,0,66,0,4
602.05,0,11,0,4
603.05,0,50,0,4
604.06,0,22,0,4
605.06,0,49,0,4
606.06,0,10,0,4
607.06,0,9,0,4
608.06,0,78,0,4
609.06,0,80,0,4
610.06,0,100,0,4
611.06,0,61,0,4
612.06,0,59,0,4
613.07,0,68,0,4
614.07,0,48,0,4
615.07,0,11,0,4
616.07,0,69,0,4
617.07,0,72,0,4
618.07,0,23,0,4
619.07,0,7,0,4
620.08,0,90,0,4
621.08,0,45,0,4
622.08,0,77,0,4
623.08,0,71,0,4
624.08,0,39,0,4
625.08,0,99,0,4
626.08,0,69,0,4
627.09,0,77,0,4
628.09,0,39,0,4
629.09,0,20,0,4
630.09,0,82,0,4
631.09,0,79,0,4
632.09,0,77,0,4
633.09,0,15,0,4
634.1,0,31,0,4
635.1,0,67,0,4
636.1,0,8,0,4
637.1,0,12,0,4
638.1,0,88,0,4
639.1,0,54,0,4
640.1,0,5,0,4
641.1,0,75,0,4
642.11,0,22,0,4
643.11,0,36,0,4
644.11,0,50,0,4
645.11,0,74,0,4
646.11,0,36,0,4
647.11,0,79,0,4
648.11,0,73,0,4
649.11,0,67,0,4
650.12,0,7,0,4
651.12,0,26,0,4
652.12,0,19,0,4
653.12,1,0,0,4
654.12,0,100,0,4
655.12,0,18,0,4
656.12,0,70,0,4
657.12,0,53,0,4
658.13,0,80,0,4
659.13,0,42,0,4
660.13,0,63,0,4
661.13,0,3,0,4
662.13,0,24,0,4
663.13,0,54,0,4
664.13,0,86,0,4
665.13,0,45,0,4
666.14,0,31,0,4
667.14,0,31,0,4
668.14,0,52,0,4
669.14,0,28,0,4
670.14,0,63,0,4
671.14,0,18,0,4
672.14,0,10,0,4
673.15,0,96,0,4
674.15,0,33,0,4
675.15,0,73,0,4
676.15,0,69,0,4
677.15,0,93,0,4
678.15,0,94,0,4
679.15,0,84,0,4
680.15,0,86,0,4
681.15,0,9,0,4
682.16,0,88,0,4
683.16,0,26,0,4
684.16,0,1,0,4
685.16,0,71,0,4
686.16,0,66,0,4
687.16,0,29,0,4
688.16,0,97,0,4
689.16,0,10,0,4
690.17,0,23,0,4
691.17,0,17,0,4
692.17,0,31,0,4
693.17,0,43,0,4
694.17,0,10,0,4
695.17,0,13,0,4
696.17,0,11,0,4
697.18,0,23,0,4
698.18,0,26,0,4
699.18,0,82,0,4
700.18,0,69,0,4
701.18,0,31,0,4
702.18,0,75,0,4
703.18,0,78,0,4
704.19,0,66,0,4
705.19,0,7,0,4
706.19,0,67,0,4
707.19,0,41,0,4
708.19,0,37,0,4
709.19,0,59,0,4
710.19,0,81,0,4
711.2,0,45,0,4
712.2,0,7,0,4
713.2,0,49,0,4
714.2,0,6,0,4
715.2,0,57,0,4
716.2,0,49,0,4
717.2,0,85,0,4
718.2,0,3,0,4
719.21,0,1,0,4
720.21,0,86,0,4
721.21,0,13,0,4
722.21,0,43,0,4
723.21,0,1,0,4
724.21,0,66,0,4
725.21,0,50,0,4
726.21,0,75,0,4
727.22,0,54,0,4
728.22,0,34,0,4
729.22,0,54,0,4
730.22,0,3,0,4
731.22,0,38,0,4
732.22,0,97,0,4
733.22,0,86,0,4
734.23,0,25,0,4
735.23,0,17,0,4
736.23,0,51,0,4
737.23,0,75,0,4
738.23,0,80,0,4
739.23,0,86,0,4
740.23,0,89,0,4
741.24,0,78,0,4
742.24,0,77,0,4
743.24,0,83,0,4
744.24,0,75,0,4
745.24,0,29,0,4
746.24,1,0,0,4
747.24,0,54,0,4
748.24,0,11,0,4
749.24,0,5,0,4
750.25,0,13,0,4
751.25,0,63,0,4
752.25,0,90,0,4
753.25,0,67,0,4
754.25,0,83,0,4
755.25,0,63,0,4
756.25,0,84,0,4
757.26,1,0,0,4
758.26,0,96,0,4
759.26,0,66,0,4
760.26,0,46,0,4
761.26,0,37,0,4
762.26,0,80,0,4
763.26,0,26,0,4
764.27,0,85,0,4
765.27,0,78,0,4
766.27,0,27,0,4
767.27,0,60,0,4
768.27,0,59,0,4
769.27,0,76,0,4
770.27,0,90,0,4
771.27,0,44,0,4
772.28,0,66,0,4
773.28,0,14,0,4
774.28,0,44,0,4
775.28,0,44,0,4
776.28,0,34,0,4
777.28,0,86,0,4
778.28,0,30,0,4
779.28,0,82,0,4
780.29,0,63,0,4
781.29,0,1,0,4
782.29,0,74,0,4
783.29,0,19,0,4
784.29,0,92,0,4
785.29,0,3,0,4
786.29,0,77,0,4
787.29,0,93,0,4
788.3,0,69,0,4
789.3,0,6,0,4
790.3,0,27,0,4
791.3,0,17,0,4
792.3,0,62,0,4
793.3,0,44,0,4
794.31,0,21,0,4
795.31,0,53,0,4
796.31,0,75,0,4
797.31,0,98,0,4
798.31,0,51,0,4
799.31,0,89,0,4
800.31,0,82,0,4
801.32,0,66,0,4
802.32,0,29,0,4
803.32,0,74,0,4
804.32,0,47,0,4
805.32,0,8,0,4
806.32,0,54,0,4
807.32,0,60,0,4
808.32,0,69,0,4
809.32,0,98,0,4
810.33,0,49,0,4
811.33,0,33,0,4
812.33,0,72,0,4
813.33,0,20,0,4
814.33,0,77,0,4
815.33,0,90,0,4
816.33,0,24,0,4
817.34,0,92,0,4
818.34,0,21,0,4
819.34,0,28,0,4
820.34,0,31,0,4
821.34,0,92,0,4
822.34,0,74,0,4
823.34,0,82,0,4
824.34,0,18,0,4
825.35,0,42,0,4
826.35,0,95,0,4
827.35,0,1,0,4
828.35,0,87,0,4
829.35,0,49,0,4
830.35,0,88,0,4
831.35,0,72,0,4
832.36,0,88,0,4
833.36,0,88,0,4
834.36,0,52,0,4
835.36,0,8,0,4
836.36,0,60,0,4
837.36,0,43,0,4
838.36,0,91,0,4
839.37,0,58,0,4
840.37,0,60,0,4
841.37,0,82,0,4
842.37,0,66,0,4
843.37,0,20,0,4
844.37,0,73,0,4
845.37,0,3,0,4
846.38,0,46,0,4
847.38,0,25,0,4
848.38,0,55,0,4
849.38,0,30,0,4
850.38,0,26,0,4
851.38,0,31,0,4
852.38,0,90,0,4
853.38,0,83,0,4
854.39,0,42,0,4
855.39,0,15,0,4
856.39,0,4,0,4
857.39,0,71,0,4
858.39,0,20,0,4
859.39,0,78,0,4
860.39,0,6,0,4
861.39,0,37,0,4
862.4,0,63,0,4
863.4,0,19,0,4
864.4,0,57,0,4
865.4,0,40,0,4
866.4,0,18,0,4
867.4,0,58,0,4
868.4,0,73,0,4
869.41,0,20,0,4
870.41,0,29,0,4
871.41,0,35,0,4
872.41,0,88,0,4
873.41,0,75,0,4
874.41,0,96,0,4
875.41,0,38,0,4
876.41,0,17,0,4
877.41,0,80,0,4
878.42,0,44,0,4
879.42,0,49,0,4
880.42,0,56,0,4
881.42,0,76,0,4
882.42,0,88,0,4
883.42,0,40,0,4
884.43,0,79,0,4
885.43,0,26,0,4
886.43,0,35,0,4
887.43,0,85,0,4
888.43,0,47,0,4
889.43,0,12,0,4
890.43,0,76,0,4
891.44,0,24,0,4
892.44,0,40,0,4
893.44,1,0,0,4
894.44,0,71,0,4
895.44,0,19,0,4
896.44,0,9,0,4
897.44,0,75,0,4
898.45,0,13,0,4
899.45,0,67,0,4
900.45,0,75,0,4
901.45,0,64,0,4
902.45,0,33,0,4
903.45,0,72,0,4
904.45,0,7,0,4
905.46,0,37,0,4
906.46,0,24,0,4
907.46,0,54,0,4
908.46,0,67,0,4
909.46,0,77,0,4
910.46,0,20,0,4
911.46,0,82,0,4
912.46,0,38,0,4
913.46,0,15,0,4
914.47,0,98,0,4
915.47,0,46,0,4
916.47,0,60,0,4
917.47,0,74,0,4
918.47,0,62,0,4
919.47,0,45,0,4
920.47,0,94,0,4
921.48,0,92,0,4
922.48,0,77,0,4
923.48,0,61,0,4
924.48,0,63,0,4
925.48,0,7,0,4
926.48,0,1,0,4
927.48,0,67,0,4
928.49,0,38,0,4
929.49,0,67,0,4
930.49,0,91,0,4
931.49,0,12,0,4
932.49,0,29,0,4
933.49,0,17,0,4
934.49,0,73,0,4
935.5,0,73,0,4
936.5,0,40,0,4
937.5,0,77,0,4
938.5,0,28,0,4
939.5,0,50,0,4
940.5,0,100,0,4
941.5,0,95,0,4
942.5,0,63,0,4
943.51,0,49,0,4
944.51,0,28,0,4
945.51,0,98,0,4
946.51,0,52,0,4
947.51,0,92,0,4
948.51,0,83,0,4
949.51,0,63,0,4
950.52,0,86,0,4
951.52,0,99,0,4
952.52,0,43,0,4
953.52,0,28,0,4
954.52,0,44,0,4
955.52,0,46,0,4
956.52,0,39,0,4
957.52,0,55,0,4
958.53,0,94,0,4
959.53,0,36,0,4
960.53,0,57,0,4
961.53,0,45,0,4
962.53,0,24,0,4
963.53,0,69,0,4
964.54,0,1,0,4
965.54,0,53,0,4
966.54,0,13,0,4
967.54,0,95,0,4
968.54,0,43,0,4
969.54,0,2,0,4
970.54,0,21,0,4
971.54,0,45,0,4
972.55,0,62,0,4
973.55,0,35,0,4
974.55,0,12,0,4
975.55,0,100,0,4
976.55,0,39,0,4
977.55,0,64,0,4
978.55,0,94,0,4
979.56,0,75,0,4
980.56,0,75,0,4
981.56,0,46,0,4
982.56,0,20,0,4
983.56,0,26,0,4
984.56,0,81,0,4
985.56,0,100,0,4
986.56,0,68,0,4
987.56,0,90,0,4
988.57,0,85,0,4
989.57,0,40,0,4
990.57,0,56,0,4
991.57,0,50,0,4
992.57,0,44,0,4
993.57,0,28,0,4
994.57,0,14,0,4
995.58,0,39,0,4
996.58,0,59,0,4
997.58,0,35,0,4
998.58,0,30,0,4
999.58,0,99,0,4
1000.58,0,73,0,4
1001.58,0,33,0,4
1002.58,0,91,0,4
1003.59,0,46,0,4
1004.59,0,31,0,4
1005.59,0,56,0,4
1006.59,0,40,0,4
1007.59,0,4,0,4
1008.59,0,62,0,4
1009.59,0,46,0,4
1010.6,0,62,0,4
1011.6,0,93,0,4
1012.6,0,47,0,4
1013.6,0,28,0,4
1014.6,0,63,0,4
1015.6,0,29,0,4
1016.6,0,23,0,4
1017.61,0,12,0,4
1018.61,0,38,0,4
1019.61,0,35,0,4
1020.61,0,88,0,4
1021.61,0,90,0,4
1022.61,0,11,0,4
1023.61,0,71,0,4
1024.62,0,94,0,4
1025.62,0,73,0,4
1026.62,0,27,0,4
1027.62,0,87,0,4
1028.62,0,59,0,4
1029.62,0,32,0,4
1030.62,0,92,0,4
1031.62,0,60,0,4
1032.62,0,55,0,4
1033.63,0,64,0,4
1034.63,0,49,0,4
1035.63,0,64,0,4
1036.63,0,70,0,4
1037.63,0,37,0,4
1038.63,0,18,0,4
1039.63,0,34,0,4
1040.63,0,17,0,4
1041.63,0,64,0,4
1042.64,0,29,0,4
1043.64,0,38,0,4
1044.64,0,8,0,4
1045.64,0,76,0,4
1046.64,0,53,0,4
1047.64,0,99,0,4
1048.64,0,92,0,4
1049.65,0,85,0,4
1050.65,0,67,0,4
1051.65,0,19,0,4
1052.65,0,54,0,4
1053.65,0,74,0,4
1054.65,0,94,0,4
1055.65,0,17,0,4
1056.66,0,44,0,4
1057.66,0,70,0,4
1058.66,0,60,0,4
1059.66,0,94,0,4
1060.66,0,10,0,4
1061.66,0,59,0,4
1062.66,0,29,0,4
1063.66,0,14,0,4
1064.67,0,49,0,4
1065.67,0,23,0,4
1066.67,0,41,0,4
1067.67,0,70,0,4
1068.67,0,44,0,4
1069.67,0,66,0,4
1070.67,0,63,0,4
1071.67,0,43,0,4
1072.68,0,70,0,4
1073.68,0,69,0,4
1074.68,0,58,0,4
1075.68,0,82,0,4
1076.68,0,85,0,4
1077.68,1,0,0,4
1078.68,0,29,0,4
1079.69,0,68,0,4
1080.69,0,49,0,4
1081.69,1,0,0,4
1082.69,0,15,0,4
1083.69,0,77,0,4
1084.69,0,38,0,4
1085.69,0,6,0,4
1086.7,0,67,0,4
1087.7,0,68,0,4
1088.7,0,66,0,4
1089.7,0,44,0,4
1090.7,0,87,0,4
1091.7,0,87,0,4
1092.7,0,34,0,4
1093.7,0,2,0,4
1094.71,0,44,0,4
1095.71,0,7,0,4
1096.71,0,94,0,4
1097.71,0,21,0,4
1098.71,0,42,0,4
1099.71,0,86,0,4
1100.72,0,20,0,4
1101.72,0,5,0,4
1102.72,0,8,0,4
1103.72,0,51,0,4
1104.72,0,23,0,4
1105.72,0,13,0,4
1106.72,0,79,0,4
1107.72,0,31,0,4
1108.73,0,52,0,4
1109.73,0,98,0,4
1110.73,0,41,0,4
1111.73,0,30,0,4
1112.73,0,67,0,4
1113.73,0,81,0,4
1114.73,0,98,0,4
1115.74,0,42,0,4
1116.74,0,91,0,4
1117.74,0,87,0,4
1118.74,0,100,0,4
1119.74,0,54,0,4
1120.74,0,18,0,4
1121.74,0,80,0,4
1122.75,1,0,0,4
1123.75,0,2,0,4
1124.75,0,79,0,4
1125.75,0,44,0,4
1126.75,0,77,0,4
1127.75,0,40,0,4
1128.75,0,71,0,4
1129.76,0,77,0,4
1130.76,0,87,0,4
1131.76,0,42,0,4
1132.76,0,86,0,4
1133.76,0,21,0,4
1134.76,0,63,0,4
1135.76,0,29,0,4
1136.77,0,40,0,4
1137.77,0,34,0,4
1138.77,0,51,0,4
1139.77,0,78,0,4
1140.77,0,72,0,4
1141.77,1,0,0,4
1142.77,0,33,0,4
1143.78,1,0,0,4
1144.78,0,54,0,4
1145.78,0,76,0,4
1146.78,0,42,0,4
1147.78,0,47,0,4
1148.78,0,44,0,4
1149.78,0,68,0,4
1150.79,0,48,0,4
1151.79,0,33,0,4
1152.79,0,48,0,4
1153.79,0,62,0,4
1154.79,0,47,0,4
1155.79,0,48,0,4
1156.79,0,77,0,4
1157.79,0,37,0,4
1158.8,0,82,0,4
1159.8,0,56,0,4
1160.8,0,10,0,4
1161.8,0,12,0,4
1162.8,0,84,0,4
1163.8,0,58,0,4
1164.8,0,29,0,4
1165.81,0,96,0,4
1166.81,0,5,0,4
1167.81,0,59,0,4
1168.81,0,69,0,4
1169.81,0,54,0,4
1170.81,0,41,0,4
1171.81,0,74,0,4
1172.82,0,8,0,4
1173.82,0,11,0,4
1174.82,0,24,0,4
1175.82,0,97,0,4
1176.82,0,11,0,4
1177.82,0,60,0,4
1178.82,0,100,0,4
1179.82,0,43,0,4
1180.83,0,51,0,4
1181.83,0,98,0,4
1182.83,0,100,0,4
1183.83,0,92,0,4
1184.83,0,24,0,4
1185.83,0,73,0,4
1186.83,0,81,0,4
1187.84,0,54,0,4
1188.84,0,81,0,4
1189.84,0,80,0,4
1190.84,0,69,0,4
1191.84,0,14,0,4
1192.84,0,48,0,4
1193.84,0,44,0,4
1194.84,0,43,0,4
1195.85,0,73,0,4
1196.85,0,74,0,4
